{"data": [{"males": [{"age": "25_to_29", "value": 22224, "rate": 1239.7}, {"age": "30_to_34", "value": 21023, "rate": 1087.5}, {"age": "60_to_64", "value": 14493, "rate": 949.0}, {"age": "50_to_54", "value": 19773, "rate": 1075.0}, {"age": "40_to_44", "value": 17060, "rate": 922.6}, {"age": "55_to_59", "value": 18366, "rate": 953.1}, {"age": "65_to_69", "value": 10712, "rate": 791.8}, {"age": "5_to_9", "value": 4167, "rate": 230.3}, {"age": "80_to_84", "value": 10933, "rate": 1720.5}, {"age": "20_to_24", "value": 28227, "rate": 1777.8}, {"age": "35_to_39", "value": 18761, "rate": 987.1}, {"age": "85_to_89", "value": 9279, "rate": 2644.7}, {"age": "10_to_14", "value": 6741, "rate": 371.9}, {"age": "90+", "value": 6570, "rate": 3952.3}, {"age": "15_to_19", "value": 24720, "rate": 1437.7}, {"age": "75_to_79", "value": 10218, "rate": 1134.4}, {"age": "0_to_4", "value": 4342, "rate": 256.4}, {"age": "45_to_49", "value": 18266, "rate": 1074.3}, {"age": "70_to_74", "value": 10402, "rate": 782.0}], "females": [{"age": "20_to_24", "value": 34283, "rate": 2281.7}, {"age": "60_to_64", "value": 14854, "rate": 937.4}, {"age": "75_to_79", "value": 8873, "rate": 853.2}, {"age": "15_to_19", "value": 31676, "rate": 1937.6}, {"age": "35_to_39", "value": 22846, "rate": 1197.8}, {"age": "45_to_49", "value": 23724, "rate": 1384.0}, {"age": "70_to_74", "value": 8142, "rate": 561.8}, {"age": "5_to_9", "value": 3856, "rate": 207.2}, {"age": "25_to_29", "value": 28596, "rate": 1686.9}, {"age": "50_to_54", "value": 25361, "rate": 1351.5}, {"age": "30_to_34", "value": 25853, "rate": 1383.8}, {"age": "90+", "value": 14024, "rate": 3995.0}, {"age": "85_to_89", "value": 12518, "rate": 2366.7}, {"age": "65_to_69", "value": 8752, "rate": 606.1}, {"age": "10_to_14", "value": 6323, "rate": 366.4}, {"age": "40_to_44", "value": 21923, "rate": 1163.3}, {"age": "55_to_59", "value": 22109, "rate": 1116.3}, {"age": "80_to_84", "value": 11224, "rate": 1395.2}, {"age": "0_to_4", "value": 4152, "rate": 258.5}]}], "lastUpdate": "2020-10-18T14:46:14.000000Z", "length": 1, "totalPages": 1}